comment,language,sentiment
(revisited),English,Negative
(revisited),English,Neutral
(revisited),English,Positive
The bank's regulatory fines have raised concerns about its compliance with anti-money laundering laws.,English,Negative
The bank's regulatory fines have raised concerns about its compliance with anti-money laundering laws.,English,Neutral
The customer service representative was polite.,English,Neutral
The customer service representative was polite.,English,Positive
The product arrived on time.,English,Neutral
The product arrived on time.,English,Positive
